{"cameraMode":{"drawMode":0,"name":"Shaded","section":"Shading Mode"},"sceneLighting":false,"audioPlay":false,"sceneViewState":{"showFog":true,"showMaterialUpdate":false,"showSkybox":false,"showFlares":true,"showImageEffects":true,"showParticleSystems":true},"in2DMode":false,"pivot":{"x":-1.6426842212677003,"y":-3.750814914703369,"z":5.301631927490234},"rotation":{"x":0.0019834283739328386,"y":-0.9716605544090271,"z":0.23623742163181306,"w":0.008160277269780636},"size":4.950002670288086,"orthographic":true}